<?xml version="1.0" encoding="UTF-8"?>
<metadata xml:lang="en"><Esri><CreaDate>20200828</CreaDate><CreaTime>13110100</CreaTime><ArcGISFormat>1.0</ArcGISFormat><SyncOnce>TRUE</SyncOnce><DataProperties><lineage><Process ToolSource="c:\program files (x86)\arcgis\desktop10.6\ArcToolbox\Toolboxes\Conversion Tools.tbx\RasterToPolygon" Date="20200625" Time="102408">RasterToPolygon Mining_Schedule_Myara "F:\Chapter 4\Mine Schedule &amp; Rehab\Raster generation.gdb\Mining_Schedule_Myara_Poly" NO_SIMPLIFY Value SINGLE_OUTER_PART #</Process></lineage></DataProperties></Esri></metadata>
